{"iter": 0, "train/loss": 16.97402572631836, "val/loss": 16.962284088134766, "lr": 0.0, "mfu": -100.0, "_timestamp": 1721421178.404156, "_runtime": 12.711626052856445, "_step": 0, "_wandb": {"runtime": 2255}}