model,mrpc,stsb,rte,sst2,cola,qqp,qnli,wnli,mnli_matched,mnli_mismatched
nontopo-1,0.8134110787172011,0.6713912660064524,0.516245487364621,0.8543577981651376,0.0926305279135704,0.8136664480352991,0.8207944352919642,0.0,0.6366785532348447,0.6484947111472742
topo-0,0.81651376146789,0.6994672506014272,0.49097472924187724,0.8543577981651376,0.143608957529068,0.8282840786012688,0.8167673439502106,0.3380281690140845,0.713397860417728,0.7294548413344182
topo-0.1,0.8369230769230769,0.7183270558674166,0.5306859205776173,0.8497706422018348,0.1618393361568451,0.7344572674573207,0.814387699066447,0.39436619718309857,0.751808456444218,0.7639340927583401
topo-1,0.8256,0.7153150122397753,0.51985559566787,0.8635321100917431,0.18455617129802704,0.8219631901840492,0.7979132344865458,0.19718309859154928,0.689047376464595,0.7050447518307568
